"No.","Quantity","Designator","Footprint","Value","Manufacturer Part","Manufacturer","Supplier Part","Supplier","Name"
"1","1","BUZZER1","BUZ-SMD_L4.0-W4.0-P3.50-L","4kHz","FUET-4020","FUET(福声科技)","C391027","LCSC","4kHz"
"2","2","C1,C6","C0402","","CL05A475MQ5NRNC","SAMSUNG(三星)","C307423","LCSC","4.7uF"
"3","3","C2,C18,C19","C0402","","CC0402MRX5R5BB106","YAGEO(国巨)","C105884","LCSC","10uF"
"4","2","C7,C8","C0402","1uF","CL05A105KP5NNNC","SAMSUNG(三星)","C14445","LCSC","1uF"
"5","1","C16","C01005","","CC0100KRX5R5BB103","YAGEO(国巨)","C326959","LCSC","10nF"
"6","3","CN3,CN4,CN5","CONN-TH_B2B-XH-A-LF-SN","","B2B-XH-A(LF)(SN)","JST","C158012","LCSC","B2B-XH-A(LF)(SN)"
"7","1","DISP1","TFT_1.47IN_172X320_12P","","","","","","DISP_LCD_GENERIC_SPI_1.47IN_172X320_12P_WRAPUNDER"
"8","2","L2,L3","L0805","","BLM21PG221SN1D","muRata(村田)","C85840","LCSC","220Ω"
"9","2","R1,R12","R0603","220Ω","RC0603FR-07220RL","YAGEO(国巨)","C107696","LCSC","220Ω"
"10","2","R3,R13","R0402","","0402WGF5101TCE","UNI-ROYAL(厚声)","C25905","LCSC","5.1kΩ"
"11","3","R4,R10,R11","R0402","","RC0402FR-0710KL","YAGEO(国巨)","C60490","LCSC","10kΩ"
"12","3","SW1,SW2,SW3","SW-SMD_4P-L5.1-W5.1-P3.70-LS6.5-TL_H1.5","","TS-1187A-B-A-B","XKB Connectivity(中国星坤)","C318884","LCSC","TS-1187A-B-A-B"
"13","1","U1","WIFIM-SMD_ESP32-S3-WROOM-1-N8","2.4GHz","ESP32-S3-WROOM-1-N4","ESPRESSIF(乐鑫)","C2913197","LCSC","2.4GHz"
"14","1","U3","SOT-223-3_L6.5-W3.4-P2.30-LS7.0-BR","","AMS1117-3.3","AMS","C6186","LCSC","AMS1117-3.3"
"15","1","U10","USB-C-SMD_G-SWITCH_GT-USB-7010ASV","","GT-USB-7010ASV","G-Switch(品赞)","C2988369","LCSC","GT-USB-7010ASV"
"16","1","U15","SO-8_L4.9-W3.9-P1.27-LS5.9-BL","","MAX31855KASA+T","ADI(亚德诺)/MAXIM(美信)","C52028","LCSC","MAX31855KASA+T"
